{
  "model_slug": "roberta-finetuned",
  "checkpoint_dir": "checkpoints/roberta-best",
  "finetuned": {
    "f1": 0.8424182358771061,
    "precision": 0.8511348464619493,
    "recall": 0.8338783518639634,
    "auc_roc": 0.9092116826892068,
    "per_category": {
      "severe_toxic": 0.9153402682040356,
      "obscene": 0.9544429126456949,
      "threat": 0.9085098383256047,
      "insult": 0.951623010402306,
      "identity_hate": 0.9138363203408949
    }
  },
  "zero_shot_baseline": {
    "f1": 0.257063909439344,
    "precision": 0.14881320949432406,
    "recall": 0.9431000654022237,
    "auc_roc": 0.6857367400266368,
    "per_category": {
      "severe_toxic": 0.40073944103271086,
      "obscene": 0.44034340142875045,
      "threat": 0.3957889459832059,
      "insult": 0.4387767890713122,
      "identity_hate": 0.40149141496428126
    }
  },
  "evaluated_at": "2026-06-04T20:41:34.932444+00:00",
  "test_size": 15958
}