{
  "model_type": "pair",
  "f1": 0.5490947816826411,
  "precision": 0.39322757779133616,
  "recall": 0.9096683133380381,
  "per_category_f1": null,
  "calibration_bins": [
    {
      "bin_lower": 0.0,
      "bin_upper": 0.1,
      "count": 3059,
      "actual_positive_rate": 0.04184373978424322
    },
    {
      "bin_lower": 0.5,
      "bin_upper": 0.6,
      "count": 3278,
      "actual_positive_rate": 0.39322757779133616
    }
  ],
  "sample_count": 6337,
  "timestamp": "2026-06-07T14:21:19.760723+00:00"
}